timestamp,bitcoin_price,bitcoin_volume,bitcoin_market_cap,bitcoin_returns,bitcoin_volatility
2023-10-11 00:00:00,27392.247702732497,10151720983.669058,535200388379.76337,0.0026013034784148296,0.4774856560131923
2023-10-12 00:00:00,26842.190439092396,14608441295.942532,523656381533.04626,-0.020080764076371493,0.4774856560131923
2023-10-13 00:00:00,26729.137205815106,10867640258.925844,521607675083.3507,-0.004211773757205828,0.4774856560131923
2023-10-14 00:00:00,26841.136220644406,14344414895.617512,523655619453.7407,0.004190147028200197,0.4774856560131923
2023-10-15 00:00:00,26863.183569079916,5543160607.188677,523979202939.078,0.0008214014583538543,0.4774856560131923
2023-10-16 00:00:00,27150.29700140705,6604845643.42894,529643463244.3381,0.010687989812853127,0.4774856560131923
2023-10-17 00:00:00,28513.30993247735,22792799561.834,555338775502.1107,0.05020250537221238,0.4774856560131923
2023-10-18 00:00:00,28417.72175169982,10403248077.491972,555003134086.2079,-0.003352405631050659,0.4182698483406254
2023-10-19 00:00:00,28328.245198134824,13461030457.558897,553311088369.7102,-0.0031486181174831263,0.37050238571537586
2023-10-20 00:00:00,28715.748142407952,11193923144.463654,559364043794.7655,0.013679031001138098,0.3572569322073782
2023-10-21 00:00:00,29677.392888476206,23561406297.715862,579536788709.3126,0.03348840995885727,0.3874441123408037
2023-10-22 00:00:00,29920.07449265145,7452489477.484937,583719549318.5221,0.008177322215843219,0.37494017196099233
2023-10-23 00:00:00,30019.38050086351,11330304246.065748,583399133857.2509,0.0033190428130935867,0.38455672457262047
2023-10-24 00:00:00,32953.262760830985,35558857925.14893,641535355789.0791,0.0977329382224621,0.6866076636112595
2023-10-25 00:00:00,33846.72425733224,46464714676.18555,660676033939.1393,0.02711299038841286,0.6542380663400541
2023-10-26 00:00:00,34471.986031672015,23840463172.498646,673948847498.8158,0.018473332000638942,0.6134657158456663
2023-10-27 00:00:00,34174.451552912586,17712548549.578587,667401630872.5822,-0.008631196313611311,0.6659483186143612
2023-10-28 00:00:00,33899.09305644032,14148818689.499771,662119938018.2968,-0.008057437177767968,0.7028202258065505
2023-10-29 00:00:00,34092.630932838576,8431785274.868206,665892923223.9833,0.005709234641647409,0.7055095384335528
2023-10-30 00:00:00,34556.242814761616,10359013389.425524,674293769229.6088,0.013598595040562822,0.6951019340294131
2023-10-31 00:00:00,34498.70391946407,17075173423.648043,673508057017.6387,-0.0016650796096666642,0.26179824962347653
2023-11-01 00:00:00,34672.2892841885,16419150928.652367,676319525450.0793,0.005031648873814465,0.19744276453031326
2023-11-02 00:00:00,35457.45491210553,18642295524.912045,692543794894.7606,0.022645335630465224,0.21793246619313136
2023-11-03 00:00:00,34924.05545044328,20690186421.955303,681560028736.5514,-0.015043365717716584,0.24405530226938021
2023-11-04 00:00:00,34731.38136896784,17254049537.002068,677974451476.0634,-0.00551694466723196,0.23754562356411496
2023-11-05 00:00:00,35048.407834901074,10001404422.938835,685385094861.7168,0.00912795441578651,0.240709064540849
2023-11-06 00:00:00,35061.92874919579,12796779677.519655,684647430279.3319,0.0003857782743914573,0.2272762119392623
2023-11-07 00:00:00,35031.26888208706,12717348149.539808,683644463783.0627,-0.0008744489593839333,0.22654193640777648
2023-11-08 00:00:00,35436.53762957962,18582602380.374496,691660755958.351,0.011568771569670178,0.23613815384245407
2023-11-09 00:00:00,35795.080630710196,14717120833.223528,699187515031.6934,0.010117890322086431,0.18515679499458404
2023-11-10 00:00:00,36768.42081912672,38190964507.15763,717022051490.4104,0.027192009942881734,0.20694348550884156
2023-11-11 00:00:00,37344.249000720345,23152060053.421646,730760729870.4996,0.015660944059204374,0.1812608213039453
2023-11-12 00:00:00,37122.722824306555,12033297219.971031,720323851790.6948,-0.005932002445932616,0.21705194574193742
2023-11-13 00:00:00,37067.69698212008,8831221164.408867,725016899532.0363,-0.001482268486794558,0.22156907820653304
2023-11-14 00:00:00,36549.16204829837,18041088204.36723,714263437353.6985,-0.013988862973381533,0.2688455686568307
2023-11-15 00:00:00,35545.201433454065,22330924588.059715,694845286838.959,-0.027468772430886634,0.35505189962484207
2023-11-16 00:00:00,37903.66245166294,28479730068.295124,739215831747.2646,0.06635103820199939,0.5967944310689611
2023-11-17 00:00:00,36201.51611146142,12023334732.149555,707488742969.5619,-0.04490717334696093,0.6813901697344057
2023-11-18 00:00:00,36527.76022530742,22683923623.963726,714651953916.8749,0.00901189090648935,0.6727322669099237
2023-11-19 00:00:00,36582.36844192274,8877846889.346693,715117663450.342,0.0014949785116440406,0.6726529246325124
2023-11-20 00:00:00,37413.99460790531,12599067947.734495,732521837352.2426,0.02273297769943028,0.6951945864821897
2023-11-21 00:00:00,37489.298470802016,16005284775.311718,732673492672.5168,0.0020127191358709773,0.6824469986120137
2023-11-22 00:00:00,35965.36036068078,18891503534.641026,702705880301.6978,-0.04064995004662819,0.7249423611957934
2023-11-23 00:00:00,37464.83293220907,25245202377.321384,732259726682.3702,0.041692132554511874,0.6042025801979356
2023-11-24 00:00:00,37293.316127426726,11956046626.60703,728816537112.472,-0.004578074726576231,0.4853435849958291
2023-11-25 00:00:00,37738.93169747125,22996708651.54232,737614054534.8141,0.011948939282361293,0.4874519618879487
2023-11-26 00:00:00,37809.85286625321,7505379785.011788,739536714717.2401,0.0018792574562123132,0.4872941148591129
2023-11-27 00:00:00,37491.838186008135,10229112671.374176,733376783676.3198,-0.008410894413422021,0.46995565872924766
2023-11-28 00:00:00,37250.16905148115,17979133247.880783,728040168286.0479,-0.006445913196573505,0.47232427079191275
2023-11-29 00:00:00,37802.23604377473,19715537240.688644,738816928726.5587,0.014820523137240027,0.33703177613004076
2023-11-30 00:00:00,37810.34641654128,20964545194.804527,740494537382.5989,0.00021454743463222847,0.17204294407867374
2023-12-01 00:00:00,37711.81837585267,16566770727.560837,737659515838.6104,-0.002605848663833066,0.1684632544422365
2023-12-02 00:00:00,38688.25874179069,24470176251.56647,756249390093.0282,0.025892158161305856,0.23669541050114776
2023-12-03 00:00:00,39481.666416062864,14892418344.328642,771834682369.2777,0.02050771216061853,0.2649013581793387
2023-12-04 00:00:00,39960.275420410515,14107800648.629307,782845232813.069,0.012122310119943025,0.23548149912310584
2023-12-05 00:00:00,41974.331772543344,40273974905.38232,820527379429.3416,0.050401463226755094,0.3400581569077482
2023-12-06 00:00:00,44105.94477259938,37740677039.99004,863171503830.3232,0.05078372686448307,0.4148150812034489
2023-12-07 00:00:00,43788.28880825234,30306637687.601166,857037901744.5414,-0.007202112231918023,0.44161698555865775
2023-12-08 00:00:00,43270.11955970747,27712048105.023373,848245522795.3333,-0.011833512170660976,0.4758495581865527
2023-12-09 00:00:00,44202.17610943621,24726661392.984177,863242780337.311,0.021540420022242213,0.47365747354949045
2023-12-10 00:00:00,43745.49199189547,17074228506.041449,855611272269.695,-0.010331711190192938,0.5196781361269152
2023-12-11 00:00:00,43757.959937619176,11865167562.179707,856192504674.1926,0.000285010984126588,0.5306741449735817
2023-12-12 00:00:00,41200.96272610168,39734542163.66172,806178244439.1412,-0.058435018798013494,0.6395354587263614
2023-12-13 00:00:00,41450.819387377436,24919333990.627098,812055172695.532,0.006064340363519438,0.47451647598317215
2023-12-14 00:00:00,42931.76182603245,26301358636.124893,840112594142.6609,0.03572769997174019,0.5730186993338962
2023-12-15 00:00:00,43009.5954563739,22978695605.48269,841400560142.884,0.0018129614772588454,0.5678393182570188
2023-12-16 00:00:00,41992.01418722399,17134765249.072596,821883086852.3783,-0.02365940107904707,0.554880222855278
2023-12-17 00:00:00,42247.06788172229,13524832238.374014,825747211475.3832,0.006073861886241483,0.5613764609796132
2023-12-18 00:00:00,41410.819634575855,16536428696.461372,810534011290.7083,-0.019794231625438474,0.5694352999154692
2023-12-19 00:00:00,42684.182554683386,26473040426.60815,834757901244.3383,0.030749522258775475,0.43111468423831206
2023-12-20 00:00:00,42250.206182797505,23402523667.558952,827483345952.5029,-0.010167147311065605,0.4450311368588328
2023-12-21 00:00:00,43634.1241684964,28334648885.87903,854173854159.8182,0.03275529543480338,0.4320467707224437
2023-12-22 00:00:00,43849.69959939619,21948638202.58336,858312140014.9476,0.004940523844762623,0.4323173592533744
2023-12-23 00:00:00,44003.6960216438,20833936534.62855,861822676200.4246,0.003511915102144325,0.3705543330000252
2023-12-24 00:00:00,43752.03088478376,9872050975.657969,856850313226.057,-0.005719181787281147,0.38170733510688964
2023-12-25 00:00:00,43034.971063091514,18313974069.822754,845029028630.4425,-0.016389177992229498,0.36872442747951095
2023-12-26 00:00:00,43638.236302200916,18744716867.39297,854524607072.9797,0.014018023579590366,0.31543432268261096
2023-12-27 00:00:00,42516.426940282516,20477744539.87234,832471600531.6842,-0.025707027986871744,0.37082660844246373
2023-12-28 00:00:00,43418.46777504291,23244754807.443966,849194163327.4839,0.021216289789059095,0.31615783475667936
2023-12-29 00:00:00,42600.65063315619,20336573643.81929,836073458797.803,-0.018835697890675074,0.33680053235339885
2023-12-30 00:00:00,42074.70715618848,24832397519.050613,822933961870.5416,-0.012345902448690937,0.3347834510135357
2023-12-31 00:00:00,42220.61140121376,14727224645.41767,826609156660.5117,0.0034677423774729377,0.34216390224709065
2024-01-01 00:00:00,42208.202176186474,14183728910.169804,827596236151.1959,-0.00029391391113131604,0.3288806962205519
2024-01-02 00:00:00,44168.68118687473,16958999497.58364,863804922701.8125,0.04644782079333254,0.47825444989690363
2024-01-03 00:00:00,44994.67388689237,39089952715.542786,878395004792.8407,0.01870086852996411,0.4264919321223313
2024-01-04 00:00:00,42821.558989157995,43146162597.56747,838208392904.1771,-0.0482971585302997,0.5700241377498801
2024-01-05 00:00:00,44195.57856209971,26123887042.79777,866352960236.8643,0.03208709830694412,0.5944042792505787
2024-01-06 00:00:00,44113.69973389081,29364675804.010384,863690851062.0247,-0.0018526475016918953,0.579692436327091
2024-01-07 00:00:00,43956.12071720152,11841102132.239353,861211168830.4689,-0.0035721106513364465,0.5846426934778315
2024-01-08 00:00:00,43883.74387905174,15144653805.362787,856926317087.4954,-0.0016465701924750498,0.585633823225278
2024-01-09 00:00:00,46936.185561217506,40821502383.50064,919666641903.4098,0.06955745823735127,0.6961274847242085
2024-01-10 00:00:00,46105.94607828697,39887918405.77868,902166917320.3264,-0.01768868673504964,0.7155011048252958
2024-01-11 00:00:00,46632.31314804979,52030057180.57072,915259343942.0361,0.011416468254854983,0.5633043282424857
2024-01-12 00:00:00,46314.355541602694,49198128806.306175,909846384596.2129,-0.006818396622051193,0.5514192957418571
2024-01-13 00:00:00,42893.92960550481,45913301456.05085,838383512176.7352,-0.07385239190093928,0.8077213415017065
2024-01-14 00:00:00,42848.47451640749,19424747840.478386,839198740717.084,-0.0010597091363595545,0.8078601814760845
2024-01-15 00:00:00,41800.93282193406,16968959097.076523,822907066751.3778,-0.024447584337507933,0.822406078133092
2024-01-16 00:00:00,42587.336038354406,22634527323.56315,835225973285.8562,0.01881305423901214,0.5859585957592294
2024-01-17 00:00:00,43148.00164342693,22023116042.275295,845770850849.578,0.013165078101329941,0.6138392680472471
2024-01-18 00:00:00,42713.859186938986,21299064875.187115,836987995502.6503,-0.010061704828781548,0.5895606306518434
2024-01-19 00:00:00,41261.39479801012,25160430945.289833,808845819110.2808,-0.03400452257362396,0.6073361676945338
2024-01-20 00:00:00,41600.94093254464,24407872954.726807,815241536115.3193,0.008229148243696693,0.3763344647143588
2024-01-21 00:00:00,41626.10711003664,9533488489.00503,817217622403.9753,0.0006049425067766734,0.37736872569297486
2024-01-22 00:00:00,41541.89945706261,8032696833.695371,814709364023.4832,-0.002022952873095507,0.33574373493533094
2024-01-23 00:00:00,39504.73005758438,31202848830.101707,775020895102.2928,-0.049038908333593034,0.4373244414952198
2024-01-24 00:00:00,39833.45410501688,29683327703.0343,779133357029.7626,0.008321131341824994,0.42256412593074144
2024-01-25 00:00:00,40123.67105847147,22217129215.385582,786928905377.1826,0.0072857591683981315,0.4433122299540357
2024-01-26 00:00:00,39938.28644155878,13376924612.77818,783180536824.566,-0.004620330394059069,0.3885120669580617
2024-01-27 00:00:00,41862.9356109399,22681602408.52447,820989861818.084,0.048190579538194056,0.5439838519783489
2024-01-28 00:00:00,42119.61049464309,10694258830.371908,826254540126.2368,0.006131315923198599,0.5450505073136571
2024-01-29 00:00:00,42026.57856232145,13669905344.783924,824240091063.3245,-0.0022087557607750608,0.5451363085874745
2024-01-30 00:00:00,43267.60927638767,20680322267.003654,849198976216.4734,0.029529663287386043,0.36204914453329246
2024-01-31 00:00:00,42892.03453014447,24526664209.358597,839294111912.5715,-0.008680274979929736,0.3953619866477811
2024-02-01 00:00:00,42583.26354663417,22197944957.07849,835421372330.6442,-0.007198795461504592,0.4164744096847568
2024-02-02 00:00:00,43069.043420936796,22443682768.722225,844585195327.6586,0.011407765254314972,0.40100229695426043
2024-02-03 00:00:00,43170.65856159975,18624791426.130833,846561992602.431,0.0023593544827502644,0.2511692542454699
2024-02-04 00:00:00,42976.84829990829,7779819312.310763,842668526994.8004,-0.00448939784911806,0.2585154450945337
2024-02-05 00:00:00,42599.35997055978,11250814654.362,835416357159.2295,-0.008783527510306421,0.2705898047941971
2024-02-06 00:00:00,42648.45692113544,18682275991.626797,836630860392.2917,0.0011525278926629579,0.142236868653602
2024-02-07 00:00:00,43087.78740814285,17131113853.23615,845393687725.6221,0.010301204749794568,0.15384199236632876
2024-02-08 00:00:00,44247.415415479314,21200879624.73537,868672050077.7697,0.026913148181688884,0.22726473701696825
2024-02-09 00:00:00,45338.271189789484,27709605138.49859,890468166608.419,0.024653547875443715,0.2650196496762154
2024-02-10 00:00:00,47143.24299107112,41993952311.122856,925541926938.6151,0.03981121807062049,0.3467059383445538
2024-02-11 00:00:00,47768.995251247936,16461159742.317774,938210772985.4427,0.013273424153177782,0.3151267787499462
2024-02-12 00:00:00,48189.88179303987,13196875460.84672,945579645769.01,0.008810872817781146,0.25263447910964454
2024-02-13 00:00:00,50050.13609456397,37684440686.70893,981463410832.9637,0.03860259108983266,0.24677178442417194
2024-02-14 00:00:00,49732.14536955351,37331081151.024765,974585308372.1277,-0.006353443763062905,0.31856984940410693
2024-02-15 00:00:00,51790.16929752642,41805076939.80903,1017596576729.7906,0.0413821666586065,0.35090817951538017
2024-02-16 00:00:00,51958.23029105492,31991869491.056656,1020725811639.5323,0.0032450365736982345,0.3773895998341237
2024-02-17 00:00:00,52166.43430976192,24850432117.896576,1024019280535.48,0.004007142228299676,0.3495730735735608
2024-02-18 00:00:00,51684.51749264525,19851884283.15723,1015778284418.9253,-0.009238063200851854,0.3905885120026209
2024-02-19 00:00:00,52138.48578873693,17025880430.565874,1023586119011.2284,0.008783448469965371,0.3906000213972633
2024-02-20 00:00:00,51764.313185487765,22555121071.55909,1016146442771.5667,-0.00717651457630164,0.3329161776515072
2024-02-21 00:00:00,52286.79372554667,34499627551.319275,1026424315285.75,0.010093450640148438,0.3198738454451808
2024-02-22 00:00:00,51842.75676625642,30624246621.0974,1018869881156.3213,-0.008492334825902725,0.15876771132850076
2024-02-23 00:00:00,51319.500125702674,23733644208.80861,1007314397269.4122,-0.010093148458770296,0.1717586210280787
2024-02-24 00:00:00,50841.081094770896,22637679779.740997,999139504635.63,-0.009322363424427937,0.17163886845602883
2024-02-25 00:00:00,51553.096712831146,15528276123.53668,1012485917140.1924,0.014004730086935258,0.20441223900770267
2024-02-26 00:00:00,51751.884054934555,15455098216.48263,1016549456019.3263,0.0038559728663969395,0.19389682953609277
2024-02-27 00:00:00,54478.191083122954,35407941475.56789,1071049856128.8474,0.05268034348845019,0.42375718336487567
2024-02-28 00:00:00,57003.52673730811,51983799587.1939,1118963733317.3013,0.046354983599436794,0.5093443998379139
2024-02-29 00:00:00,62558.58202419311,87218855804.01622,1225273849241.6978,0.09745108074601427,0.7558813171711505
2024-03-01 00:00:00,61298.216861101624,67692687247.36391,1206725326872.1362,-0.020146958615591126,0.7893265972986512
2024-03-02 00:00:00,62426.64052919186,36699193361.155365,1227712629022.1812,0.018408751932330825,0.7365949073886928
2024-03-03 00:00:00,62067.86680212177,25198213831.25236,1219383305483.4985,-0.005747125330287872,0.7760473030295141
2024-03-04 00:00:00,63053.10543906421,27108369390.44353,1236312176673.4497,0.01587357013708046,0.758376255544904
2024-03-05 00:00:00,68186.64593432152,74551714626.1156,1333913436699.1726,0.08141614056136337,0.8366874853526532
2024-03-06 00:00:00,64291.536557569496,96403762012.66058,1264870242318.5977,-0.05712422606185763,1.0463962431587448
2024-03-07 00:00:00,66145.91927850846,73151905042.04068,1297845751759.601,0.02884334113368814,0.8258989127408123
2024-03-08 00:00:00,66944.87639053575,48853892626.0196,1317508010581.0813,0.012078705999432282,0.7891811957639003
2024-03-09 00:00:00,68315.25192078314,63346588227.32869,1340971395884.519,0.020470207790855177,0.7901181019920194
2024-03-10 00:00:00,68508.0039626159,21359706190.81524,1346027264110.4956,0.002821508175894216,0.7796501605929209
2024-03-11 00:00:00,69075.66688195744,36660543917.16198,1357390358031.5388,0.008286081720485061,0.7810044438745168
2024-03-12 00:00:00,72130.55300765681,66653067165.93465,1417772589113.9521,0.0442252136475183,0.6133987799842986
2024-03-13 00:00:00,71467.17350326062,64599341551.27301,1403692914139.1924,-0.009196928024741036,0.3365747369618397
2024-03-14 00:00:00,73097.76702694128,51906601043.53671,1436631290571.5388,0.022815978913819146,0.32448417855018885
2024-03-15 00:00:00,71420.03180142345,63073551321.74747,1403843488135.24,-0.022951935384010747,0.42378891384946754
2024-03-16 00:00:00,69497.7631929463,81204427005.22603,1367669237527.8738,-0.026914978332995387,0.4831214070047987
2024-03-17 00:00:00,65292.31329331289,49265436012.59228,1282404282863.459,-0.06051201803370043,0.6646996711263842
2024-03-18 00:00:00,68425.41565643054,47190980586.56393,1344508983079.8567,0.04798577665708992,0.7710780872226948
2024-03-19 00:00:00,67708.94360930806,51101822566.75771,1331771923948.0378,-0.010470846837379089,0.6722541214984693
2024-03-20 00:00:00,62132.51737873437,80179417876.47993,1223867418062.399,-0.08235878354195869,0.8588110218038892
2024-03-21 00:00:00,67819.05570684028,70836803714.91411,1332594162507.5205,0.09152274152104778,1.1543603533569462
2024-03-22 00:00:00,65535.97844847657,48393664548.05336,1287348061971.4202,-0.03366424428309234,1.1647253115818756
2024-03-23 00:00:00,63509.04496523133,42436600223.53738,1247366367469.2778,-0.030928560635419267,1.168493524015793
2024-03-24 00:00:00,64285.80279102199,25489933245.687557,1264722355270.5166,0.012230664564644389,1.0976769224629264
2024-03-25 00:00:00,67310.98326810106,28098318940.431744,1323456466317.511,0.04705829818930973,1.0951862829488714
2024-03-26 00:00:00,69938.94530200244,44820310272.647514,1371797489739.3416,0.039042098425960514,1.1268872057357702
2024-03-27 00:00:00,70082.05122475982,36257324508.56845,1375728580463.2524,0.0020461550019010843,0.8559480225316869
2024-03-28 00:00:00,69435.75040305211,41441040887.822266,1360261687784.1018,-0.0092220591494242,0.602471135487404
2024-03-29 00:00:00,70710.19534863312,30455289338.47621,1390869723348.0437,0.01835430506883373,0.5167127496699607
2024-03-30 00:00:00,69919.05546148612,25785951735.485695,1374646886107.8396,-0.011188483969621688,0.4313559793518014
2024-03-31 00:00:00,69702.3087473573,16408802301.837431,1370247487960.0945,-0.003099966278123034,0.44911998942648884
2024-04-01 00:00:00,71246.95144060145,19723005998.21497,1401370211582.3662,0.022160567146245702,0.35692521127918764
2024-04-02 00:00:00,69785.92503802372,36040088988.53872,1373784286061.3486,-0.020506511128350335,0.299264885537219
2024-04-03 00:00:00,65440.41922587159,45161133992.09071,1288360536576.547,-0.062269086635799775,0.5362900392996666
2024-04-04 00:00:00,66123.938539074,35559952961.797325,1301670235623.7266,0.010444910367141791,0.5551497748287997
2024-04-05 00:00:00,68542.17715279506,37516850709.63811,1348455954443.3696,0.036571303330518834,0.617068712548749
2024-04-06 00:00:00,67978.61023408506,35132808695.80448,1337452583876.3916,-0.008222191679929991,0.6153311849565866
2024-04-07 00:00:00,69000.6499164776,19119438138.850826,1358548956714.7139,0.015034724582823067,0.6299173380056725
2024-04-08 00:00:00,69401.97360911008,17935478429.01022,1367272232852.0764,0.005816230616932705,0.6039285304464083
2024-04-09 00:00:00,71624.18486236996,33111949671.02105,1410324678268.6392,0.03201942448749295,0.6313933184103967
2024-04-10 00:00:00,69158.64381207665,36488482038.859055,1361830648708.6648,-0.034423303455822785,0.46249308937385825
2024-04-11 00:00:00,70527.88997578963,38378062633.13138,1387722485989.3584,0.019798626581423395,0.4701516375196647
2024-04-12 00:00:00,70106.66413070948,30118549149.510498,1379324055321.196,-0.005972471957189418,0.41876538501582067
2024-04-13 00:00:00,67252.10504226631,43471949726.09197,1321648247460.1611,-0.04071737150581045,0.5258469911230605
2024-04-14 00:00:00,64404.82548907413,49214481480.20075,1270009515097.3306,-0.04233740418092091,0.5786014104127957
2024-04-15 00:00:00,65752.66004728881,40292911692.95434,1293286386553.3967,0.02092753994719443,0.6121000428870248
2024-04-16 00:00:00,63430.5714573684,42796604938.03423,1247928896840.997,-0.03531550796956928,0.5379805187597648
2024-04-17 00:00:00,63720.501587480736,42157169474.39519,1253670904297.4917,0.004570826392557237,0.534225235688806
2024-04-18 00:00:00,61328.89798860725,41123362075.93534,1207185042484.4346,-0.037532717717077224,0.48981164712028047
2024-04-19 00:00:00,63461.592695107174,35901618166.42319,1249565911947.3347,0.03477471104887786,0.6272691898832805
2024-04-20 00:00:00,63988.818471785664,52227787323.81757,1263308149913.607,0.008307793017604759,0.5978368052170087
2024-04-21 00:00:00,64894.41869109179,16601830590.687477,1277940837359.7852,0.014152476025251604,0.527805646515979
2024-04-22 00:00:00,64936.4207567739,19592118541.18973,1279763566407.3762,0.0006472369508701004,0.5018682142977604
2024-04-23 00:00:00,66841.66685207361,27748586313.20611,1317058642854.2856,0.029340177254856936,0.45135571496727767
2024-04-24 00:00:00,66406.95244392671,23232230785.201836,1306843409278.049,-0.006503644038515111,0.463036289445848
2024-04-25 00:00:00,64279.51812857524,30939903322.025898,1265541377860.928,-0.032036319045778416,0.43214926561016853
2024-04-26 00:00:00,64486.183359158975,24705345525.57077,1269387456067.624,0.003215102362316369,0.3631329322848264
2024-04-27 00:00:00,63802.330049258766,23302057197.884678,1255539337969.4697,-0.010604648535197936,0.37017321768190553
2024-04-28 00:00:00,63517.248743409626,19190483386.063873,1249495302303.4912,-0.004468195842205813,0.349951174680479
2024-04-29 00:00:00,63030.433616681854,16180294651.046635,1240724751365.882,-0.007664298066409558,0.3499498651505508
2024-04-30 00:00:00,63797.67963589958,27242983698.21234,1257159131219.0603,0.012172627970223227,0.26072796018821776
2024-05-01 00:00:00,60749.47209216387,39533113322.04938,1197773959985.8767,-0.047779285408688255,0.3956674055163935
2024-05-02 00:00:00,58297.574075325494,51109380171.692604,1151677489315.1536,-0.040360811911559824,0.4242654363868037
2024-05-03 00:00:00,59135.1733607733,28255509745.49032,1164721402399.166,0.014367652492118355,0.45755773438763353
2024-05-04 00:00:00,62839.34073569376,33591665812.212433,1239817041554.716,0.06263898733029816,0.7084840141775621
2024-05-05 00:00:00,63820.451902924986,20510614461.479218,1257549583083.3145,0.015613008598512224,0.7182837927804259
2024-05-06 00:00:00,64010.00865210892,18115695040.201984,1259667234461.2874,0.0029701567997710843,0.7143183580207583
2024-05-07 00:00:00,63172.48129551341,17917770174.27797,1244417948315.7583,-0.013084318753140978,0.7174410994157087
2024-05-08 00:00:00,62363.057191718624,19925137720.849453,1229336706399.346,-0.012812922449704,0.615332313172985
2024-05-09 00:00:00,61215.50400879193,20303831135.373127,1203918522476.5405,-0.01840116945195369,0.533618685650662
2024-05-10 00:00:00,63148.599943097026,25837724247.550426,1240910691253.6274,0.03157853497420282,0.5611922267029098
2024-05-11 00:00:00,60888.21674957157,23987518755.480534,1199393711200.297,-0.03579466837843248,0.4326506338019945
2024-05-12 00:00:00,60776.972079172134,12120618802.065384,1197102943502.2341,-0.0018270311784129856,0.4010540471048558
2024-05-13 00:00:00,61507.054004121346,13045696108.912676,1211277523448.5786,0.01201247610687406,0.41930947418570585
2024-05-14 00:00:00,62878.783300729294,27740460083.601814,1238994152713.125,0.022301983387401858,0.45645929279008823
2024-05-15 00:00:00,61569.1130057734,21581895152.31416,1212998352772.157,-0.020828492954326983,0.47306528498946354
2024-05-16 00:00:00,66220.51831432826,38101793065.15294,1307048849176.4167,0.07554770698286162,0.7011309373300801
2024-05-17 00:00:00,65260.879803346186,29114585833.349678,1286278919684.0837,-0.01449155843853367,0.7012171838015027
2024-05-18 00:00:00,67053.12326509564,25397793918.993534,1319238394090.13,0.027462753599861056,0.6198991856110346
2024-05-19 00:00:00,66912.61861403697,13025487675.845129,1319928522881.6436,-0.002095422915695977,0.620327120846038
2024-05-20 00:00:00,66252.71259591613,9072734600.009218,1304727108597.6987,-0.009862205840833749,0.644803687129988
2024-05-21 00:00:00,71430.29700215145,35923476641.4359,1406288649446.611,0.07814901765327065,0.8088195824506382
2024-05-22 00:00:00,70189.8358177002,41105056578.01701,1382275470797.567,-0.01736603705307138,0.7987382555235406
2024-05-23 00:00:00,69181.20085677762,31059440495.91766,1362228629448.754,-0.014370100017646936,0.6691236045907746
2024-05-24 00:00:00,67906.46534276106,39235702119.25446,1336347300306.381,-0.01842603912955454,0.6772841901378123
2024-05-25 00:00:00,68539.91646552991,28127411967.182774,1350764328536.3708,0.009328288839236087,0.6549635204026345
2024-05-26 00:00:00,69268.44558973772,15929396750.116022,1363997851294.8164,0.010629267757777283,0.6546508582850715
2024-05-27 00:00:00,68508.83110875699,11243743771.147913,1349351520129.172,-0.010966241186929016,0.6562673258916341
2024-05-28 00:00:00,69367.23871755725,18983806932.464344,1366931305389.0393,0.012529882569993767,0.2710467781480046
2024-05-29 00:00:00,68316.63588049631,31278122196.184998,1347542673428.3018,-0.015145519073329172,0.2648342616829239
2024-05-30 00:00:00,67577.26558995963,24320692137.62038,1331734029835.3335,-0.010822697590525898,0.2573329039871602
2024-05-31 00:00:00,68372.49288434093,25344376897.716885,1346147846430.124,0.011767674933853112,0.240979584338343
2024-06-01 00:00:00,67474.95483698409,19685305476.459476,1331606411822.8157,-0.013127180383419867,0.24846665601889845
2024-06-02 00:00:00,67704.32641811523,10724053324.55672,1333649555935.3525,0.003399358794463625,0.2306717791683964
2024-06-03 00:00:00,67740.01690222476,16137350587.750422,1335930570689.7126,0.0005271521924479217,0.22187918109488677
2024-06-04 00:00:00,68808.29368590549,29862293749.910686,1355484820107.0864,0.01577024678370953,0.2352232637170824
2024-06-05 00:00:00,70600.01116676089,31561053725.144592,1390853496950.4385,0.026039266269763717,0.27082295545557966
2024-06-06 00:00:00,71184.59943059199,32560403314.989147,1400297735227.1965,0.008280285713415436,0.23680871700886472
2024-06-07 00:00:00,70759.58819301432,23612879689.560955,1394881646977.521,-0.005970550385579809,0.25164041187952496
2024-06-08 00:00:00,69325.36238847222,18597495569.911568,1366366925856.506,-0.02026899592221898,0.2858731357047394
2024-06-09 00:00:00,69315.1041233966,10688301508.476225,1366065699664.3162,-0.0001479727580526724,0.2874457524787585
2024-06-10 00:00:00,69654.16073760358,10461044041.080194,1372556186704.501,0.004891525714271205,0.286461534891407
2024-06-11 00:00:00,69493.17760915738,19335866773.67523,1369378888543.5317,-0.002311177490927574,0.27092593121185654
2024-06-12 00:00:00,67329.15232724321,38513044382.60802,1327665028180.2761,-0.03114011125070515,0.2705141286517204
2024-06-13 00:00:00,68224.51967501991,36027809551.45211,1345244310606.6865,0.013298360618367866,0.2891652385771888
2024-06-14 00:00:00,66700.31696564378,29654777884.381138,1317161415434.6978,-0.02234098116976857,0.3124605409582782
2024-06-15 00:00:00,66011.07873713733,27966992832.749634,1301949410096.3496,-0.010333357618997008,0.297147254922658
2024-06-16 00:00:00,66190.4874891135,13472726244.723091,1304370314917.9756,0.0027178582051445854,0.30177514287070084
2024-06-17 00:00:00,66615.53782131766,12650130203.722813,1313849391756.9756,0.006421622627784229,0.30545617949387843
2024-06-18 00:00:00,66460.38897909952,29409728999.276093,1309329377372.7744,-0.0023290188339287754,0.30544224248150925
2024-06-19 00:00:00,65109.314812190474,41386972050.31837,1282295865979.065,-0.02032901383309582,0.25815084979482544
2024-06-20 00:00:00,64907.07460760319,21680698980.889107,1278699763341.0723,-0.0031061639209482017,0.21154873278481304
2024-06-21 00:00:00,64844.67441797763,26001551474.84426,1279317116821.3782,-0.0009613773229312228,0.16968532160477362
2024-06-22 00:00:00,64071.624284709695,24694310198.90943,1263258746635.2896,-0.011921567040108605,0.17363947075807318
2024-06-23 00:00:00,64239.90348813148,6340606686.24879,1266336092890.8738,0.0026264232458665937,0.17341848900268786
2024-06-24 00:00:00,63221.35738437477,10748270931.518738,1248188877658.2324,-0.015855349221452153,0.1645752288241972
2024-06-25 00:00:00,60363.23497529626,42036553106.89028,1188964670369.4045,-0.045208178491037865,0.31055467801416975
2024-06-26 00:00:00,61770.413870095355,21105562261.648533,1217935012739.8113,0.02331185357072041,0.39960680203940685
2024-06-27 00:00:00,60749.89619402014,22908540918.971207,1198205485427.564,-0.016521140334616935,0.4027666412441645
2024-06-28 00:00:00,61562.64532550036,18855138893.067604,1213931985719.8025,0.013378609386993867,0.432838910848854
2024-06-29 00:00:00,60317.09697945116,24399416695.150173,1189569860170.9426,-0.02023220963725003,0.442442537969739
2024-06-30 00:00:00,60864.44316193428,11435110883.886795,1199792912680.844,0.009074478214188275,0.4544668500978107
2024-07-01 00:00:00,62734.39383945474,17373592048.120487,1236676710888.4822,0.030723203571341617,0.5214923507418275
2024-07-02 00:00:00,62819.82226921849,25573074910.689686,1238799172479.871,0.0013617479110801245,0.3651300371282666
2024-07-03 00:00:00,62042.5650371006,18100530101.689426,1222901857941.0586,-0.012372802151316309,0.35213109564587647
2024-07-04 00:00:00,60244.68076433092,30348692427.02443,1186937170314.9272,-0.02897823891862894,0.3978683554248282
2024-07-05 00:00:00,57189.17412408636,43112005394.93119,1130121668991.0515,-0.050718280875240884,0.5102374223899997
2024-07-06 00:00:00,56739.86285107204,60081357583.2773,1118490666778.4585,-0.007856579149743137,0.5031572731069034
2024-07-07 00:00:00,58230.4841542266,21293913670.919975,1147176330416.144,0.02627114744825998,0.5523933070034971
2024-07-08 00:00:00,55880.3753776708,20211914621.326435,1100452083927.7026,-0.04035873667701961,0.501533332074451
2024-07-09 00:00:00,56665.140733520275,41614266908.30467,1117615464651.686,0.01404366650269595,0.5355876526160817
2024-07-10 00:00:00,57988.30351208401,28413854577.262756,1144794688186.9604,0.02335056017572046,0.6014084507338886
2024-07-11 00:00:00,57704.202284462874,25987656347.278587,1139350681822.5857,-0.004899285035333545,0.5778560711481904
2024-07-12 00:00:00,57388.192479166675,29196653598.752666,1130276546536.143,-0.005476374211680013,0.43938081266022033
2024-07-13 00:00:00,57899.28895749592,25504482306.198975,1141567375406.1943,0.008905951838695358,0.4361252967137482
2024-07-14 00:00:00,59152.71913887286,16765547593.243273,1168371787725.7102,0.021648455515526077,0.4222540002344921
2024-07-15 00:00:00,60942.32773996293,21295520563.65442,1204059167828.704,0.03025403780489966,0.2653923889377892
2024-07-16 00:00:00,64835.48973321571,37810068492.862465,1277806993830.5176,0.06388272548210927,0.45719750377705215
2024-07-17 00:00:00,65162.23625234354,40914441633.09575,1284899538175.1812,0.005039624447541247,0.4672315008812375
2024-07-18 00:00:00,64136.31384360687,33459451713.593426,1266016458007.3477,-0.015744125244010032,0.5033884188412465
2024-07-19 00:00:00,63959.56900809379,25976148878.632153,1261456293182.2588,-0.002755768533003966,0.49683199545536655
2024-07-20 00:00:00,66689.54880734957,36994610752.230415,1316147398343.7175,0.04268289861225161,0.5269053155294623
2024-07-21 00:00:00,67206.06470614894,17353396168.041622,1325658979467.9998,0.007745080121796422,0.5349114903267095
2024-07-22 00:00:00,68088.13996324532,27078771827.95196,1343346742483.077,0.013124935390178782,0.5266983263102694
2024-07-23 00:00:00,67607.71339918874,43157593651.80313,1333201881091.7786,-0.007055950776683417,0.3591313338119695
2024-07-24 00:00:00,65942.41746522837,36100536095.18872,1300963591115.5374,-0.02463174466687923,0.4229456046890467
2024-07-25 00:00:00,65403.53513022529,28680123269.715443,1290447066028.3152,-0.00817201364034359,0.4069508927584935
2024-07-26 00:00:00,65749.96361965332,35836896135.542854,1297125144853.139,0.005296785391466274,0.4041779723377041
2024-07-27 00:00:00,67920.2964857025,30821370069.206276,1339927966898.6016,0.03300888314713002,0.3505370050472374
2024-07-28 00:00:00,68055.40838968738,30976752616.761925,1342889431798.832,0.001989271410399507,0.34801184650278527
2024-07-29 00:00:00,68242.2474440493,17175244020.36542,1346263382369.5552,0.0027453961232892787,0.3355613824359923
2024-07-30 00:00:00,66770.32091848266,42529043667.45024,1317581413497.2551,-0.02156913906995006,0.3699269475559565
2024-07-31 00:00:00,66219.05102486102,28892376510.689587,1306758338817.987,-0.00825621153288536,0.3240042565542342
2024-08-01 00:00:00,64679.778647032515,31403681581.194077,1275401473742.0508,-0.023245159119701153,0.3648745500696764
2024-08-02 00:00:00,65357.52960767435,38911302447.60912,1289157073527.528,0.010478560298426753,0.372526815397198
2024-08-03 00:00:00,61407.29547397454,39004321616.3716,1211854070245.47,-0.060440383187860935,0.45929599742275734
2024-08-04 00:00:00,60738.7449250574,32885545023.712658,1197962170718.7737,-0.010887151823849361,0.4410014769482002
2024-08-05 00:00:00,58006.206586686734,33664501541.451115,1147854905921.6433,-0.044988389894164094,0.4528905085191814
2024-08-06 00:00:00,53956.26184159744,120245972389.37173,1064889039013.8289,-0.06981916217942807,0.5655585978966475
2024-08-07 00:00:00,55959.84107399357,52620100833.47091,1104019419316.6865,0.03713339590274356,0.7383209805024187
2024-08-08 00:00:00,55099.95181146735,41605918903.41173,1088566703585.4303,-0.015366184857266152,0.7404221822393301
2024-08-09 00:00:00,61859.03159904161,49201548320.290726,1218342891278.6091,0.12266943192076574,1.2836078883099957
2024-08-10 00:00:00,60912.588533350805,33804208928.47938,1198300504959.2505,-0.015299998096081957,1.206097336884828
2024-08-11 00:00:00,60887.70861641504,13418919090.197285,1201818989571.278,-0.00040845279333590057,1.202451343758781
2024-08-12 00:00:00,58804.23449992608,21715994493.456894,1159146815397.6223,-0.03421830388813907,1.1791440366960995
2024-08-13 00:00:00,59350.07433270696,39403296385.84335,1171441797233.8909,0.009282321884175992,1.005362618409791
2024-08-14 00:00:00,60601.22317789727,31955576195.246292,1195798013190.8457,0.02108083029814889,0.9902653874587773
2024-08-15 00:00:00,58739.19382231015,28079911397.67297,1159479277227.7532,-0.030725936836638712,1.022285012270428
2024-08-16 00:00:00,57624.11692852191,33490251842.381626,1137141836825.8655,-0.018983523968024274,0.39421671413545345
2024-08-17 00:00:00,58881.92579151217,30368238897.207172,1162716063850.1133,0.021827820191161917,0.4504154597171477
2024-08-18 00:00:00,59430.79163445865,12467437134.05582,1173270497431.1711,0.009321465552772246,0.4612626593528196
2024-08-19 00:00:00,58438.293742685404,17656027563.72502,1156217205294.1643,-0.01670006177736627,0.4033087953259964
2024-08-20 00:00:00,59574.945812940874,24031330179.258953,1176063402361.815,0.019450466422930912,0.42473280107602296
2024-08-21 00:00:00,59060.12610074137,31470716090.619144,1166088863323.0896,-0.008641547301041386,0.39109084946877726
2024-08-22 00:00:00,61144.68762866613,32960965010.60808,1207099049402.5117,0.03529558207121042,0.40184954433338826
2024-08-23 00:00:00,60387.54062321362,28170302505.847404,1192308382713.8381,-0.01238287469960897,0.3791311272539923
2024-08-24 00:00:00,64049.68561555576,45038665759.42134,1261916434075.0183,0.06064404932785705,0.541193040626173
2024-08-25 00:00:00,64157.1606134782,22029153446.354362,1264961887998.9824,0.0016779941523450415,0.5466479540542895
2024-08-26 00:00:00,64265.81631272862,17875230147.044323,1269291077270.1143,0.0016935864712752657,0.5037124551179784
2024-08-27 00:00:00,62922.58634676265,17894692681.091812,1242487823611.2612,-0.02090115776993451,0.5582875393002147
2024-08-28 00:00:00,59526.560879590994,38131727427.91789,1176762244308.0742,-0.05397148566742571,0.7153324439651862
2024-08-29 00:00:00,59015.29633887944,42018989572.42786,1166032395735.947,-0.008588847283580336,0.6579226903179624
2024-08-30 00:00:00,59351.5794909728,32563333956.986053,1171762256043.917,0.005698237117413463,0.6577774515737782
2024-08-31 00:00:00,59156.246036463555,44038496614.947586,1168247205700.9673,-0.003291124788666333,0.39849978392510954
2024-09-01 00:00:00,58960.23658664587,11399086336.303324,1164278309271.2642,-0.0033134193420060187,0.39031107784255586
2024-09-02 00:00:00,57357.71617282246,25465621877.97047,1133133027660.6194,-0.027179680859461985,0.3851926635600772
2024-09-03 00:00:00,59108.73235863689,28012782290.96625,1168410293915.9832,0.030527996974958116,0.5051900211993334
2024-09-04 00:00:00,57504.538586220435,26829983370.35861,1137361604370.578,-0.027139708608250213,0.38026584255513896
2024-09-05 00:00:00,57987.84601410068,37550380696.7459,1144983177152.221,0.008404683173930616,0.3895301397807169
2024-09-06 00:00:00,56132.404732088595,30005773445.693718,1109212553022.4158,-0.03199707196506152,0.4347607771937956
2024-09-07 00:00:00,53923.35611071905,50260816556.81667,1065462041080.5197,-0.03935424879644833,0.48726909631183124
2024-09-08 00:00:00,54150.9383589072,17048448412.007126,1068954727890.2039,0.004220476331644907,0.4991447906007618
2024-09-09 00:00:00,54792.40755768575,18644823662.23431,1085390277573.522,0.0118459479783517,0.5054489216204083
2024-09-10 00:00:00,57049.118751143265,35655419448.07046,1126840069631.8132,0.04118656751999139,0.5559208019705013
2024-09-11 00:00:00,57624.16178336144,29676093302.30697,1137928777838.5286,0.010079788168623427,0.5287934392075118
2024-09-12 00:00:00,57381.764445000474,37765652735.2964,1134292554478.847,-0.004206522591552075,0.5253389512997411
2024-09-13 00:00:00,58106.951229815284,34177859933.02337,1148469900814.253,0.012637931088889554,0.4609580437443098
2024-09-14 00:00:00,60620.62747295754,31919740723.76027,1197832322916.0117,0.04325947567272226,0.34715231799405366
2024-09-15 00:00:00,60003.29940083042,15800120841.166773,1185255944124.8464,-0.010183465560505756,0.392090262647599
2024-09-16 00:00:00,59214.80226801806,17289597542.866756,1169677517083.0613,-0.013140896262138768,0.44239478246830455
2024-09-17 00:00:00,58211.123231286256,32196570894.402115,1150499194409.9338,-0.0169497996833452,0.40136088890468213
2024-09-18 00:00:00,60317.0319794625,34191170117.78261,1191818552363.6113,0.03617708491569527,0.4678223647094284
2024-09-19 00:00:00,61440.41208494509,40445339415.1129,1211837853548.9263,0.01862459190407595,0.4641836242580581
2024-09-20 00:00:00,62966.52931910512,41959080716.28771,1243871590271.4927,0.024838981093584955,0.47650237189776823
2024-09-21 00:00:00,63128.224540748255,35587830476.533394,1246475981189.1353,0.0025679551245978427,0.39706597628828816
2024-09-22 00:00:00,63403.402349259355,12938083115.659332,1254104417392.48,0.004359029744824827,0.37426106304502926
2024-09-23 00:00:00,63582.59956924825,20349365412.816723,1255899286380.1958,0.00282630290093544,0.33490739904427536
2024-09-24 00:00:00,63327.02654450202,23998847798.757656,1251095079247.0432,-0.004019543498970712,0.2791676818413638
2024-09-25 00:00:00,64334.14274876097,31490984593.70592,1271183646356.5713,0.01590341848043697,0.20053635473574566
2024-09-26 00:00:00,63151.89959401337,26087643765.748165,1245721254991.302,-0.018376605395435508,0.2638672606262936
2024-09-27 00:00:00,65130.76884023231,37995568903.94455,1287151352432.846,0.03133507082036435,0.29712846575797724
2024-09-28 00:00:00,65791.00212541742,32664917503.931107,1299708226182.0723,0.010137041170275252,0.2984730470211931
2024-09-29 00:00:00,65934.10709441357,15342911002.84781,1303217687717.8518,0.002175144995106626,0.2996282952220394
2024-09-30 00:00:00,65663.68986662335,12948707838.938381,1297825615076.3352,-0.004101325394503363,0.3077522024626714
2024-10-01 00:00:00,63243.27532464382,35124446789.27111,1249577803402.1707,-0.0368607756721544,0.4311355920485789
2024-10-02 00:00:00,60872.668543725544,54251488433.95029,1202927109017.5488,-0.03748393435901842,0.48103286249720334
2024-10-03 00:00:00,60655.55979196848,41870731291.86736,1198652098493.4897,-0.003566604799017714,0.4726572793514902
2024-10-04 00:00:00,60727.86395169296,37711138441.76231,1200491237695.5154,0.001192045048672652,0.3684610467719183
2024-10-05 00:00:00,62103.01047283253,30349059838.684578,1226663492771.043,0.02264440788224431,0.4174198669664197
2024-10-06 00:00:00,62091.932585194016,11095453162.990673,1226761949791.163,-0.0001783792372410664,0.41426382838899656
2024-10-07 00:00:00,62811.79972811266,14592422860.685436,1241834324867.657,0.011593569614392951,0.43880047814095935
2024-10-08 00:00:00,62287.39010510681,33878876147.30253,1231091696620.0955,-0.008348902997140861,0.35805974472355157
2024-10-09 00:00:00,62185.230423727575,28626429276.55382,1229717180592.4397,-0.0016401342423698617,0.20135930813216169
2024-10-09 00:39:56,62007.13435559457,28397720284.13645,1229100099421.466,-0.0028639608942423456,0.20000361543388068
